src_pt,src_cat,src_sc,count,status,ent_pt_2,ent_cat_2,ent_sc_2,notes
Bed + Bath,-,-,131,,Home,Decor,-,
Bed + Bath,Bathroom Decor + Accessories,Floor Mats,3,,Home,Decor,-,
Bed + Bath,Bathroom Decor + Accessories,Hanging Racks + Hooks,0,,Home,Organization,-,
Bed + Bath,Bathroom Decor + Accessories,Mirrors,1,,Home,Decor,Mirrors,
Bed + Bath,Bathroom Decor + Accessories,Step Stools,0,,Home,Z_Other,-,
Bed + Bath,Bathroom Decor + Accessories,Storage + Organization,1,,Home,Organization,-,
Bed + Bath,Bathroom Decor + Accessories,Towels,6,,Bath and Body,Towels,-,
Bed + Bath,Bedding + Pillows,Bedding + Pillows,53,,Home,Bedding and Linen,-,
Bed + Bath,Bedding + Pillows,Mattresses,7,,Home,Bedding and Linen,Mattresses,
Bed + Bath,Bedding + Pillows,Pillows + Throws,16,,Home,Decor,Decorative Pillows and Throws,
Bed + Bath,Bedroom Furniture,Beds + Headboards,0,,Home,Furniture,Beds,
Bed + Bath,Bedroom Furniture,Bedside Tables + Nightstands,0,,Home,Furniture,Side Tables,
Bed + Bath,Bedroom Furniture,Benches + Stools,0,,Home,Furniture,Chairs and Sofas,
Bed + Bath,Bedroom Furniture,"Chests, Dressers + Vanities",0,,Home,Furniture,Dressers,
Bed + Bath,Bedroom Furniture,Coat Racks + Umbrella Stands,0,,Home,Organization,-,
Bed + Bath,Bedroom Furniture,Coffee Tables,0,,Home,Furniture,-,
Bed + Bath,Bedroom Furniture,"Credenzas, Buffets + Sideboards",0,,Home,Furniture,-,
Bed + Bath,Bedroom Furniture,Decor,0,,Home,Decor,-,
Bed + Bath,Bedroom Furniture,Entryway Accessories,0,,Home,Decor,-,
Bed + Bath,Bedroom Furniture,"Mattresses, Pillows + Bedding",0,,Home,Bedding and Linen,-,
Bed + Bath,Bedroom Furniture,Mirrors,0,,Home,Decor,Mirrors,
Bed + Bath,Bedroom Furniture,Pillows + Throws,0,,Home,Decor,Decorative Pillows and Throws,
Bed + Bath,Bedroom Furniture,Shelves + Bookcases,0,,Home,Furniture,Bookcases and Cubbies,
Bed + Bath,Bedroom Furniture,Side + End Tables,0,,Home,Furniture,Side Tables,
Bed + Bath,Bedroom Furniture,Storage Accessories,0,,Home,Furniture,-,
Bed + Bath,Bedroom Furniture,Table + Desk Lamps,0,,Home,Decor,Lighting,
Bed + Bath,Bedroom Lighting,-,44,,Home,Decor,Lighting,
Bed + Bath,Mirrors,-,,,Home,Decor,Mirrors,
Decor,-,-,2179,,Home,Decor,-,
Decor,Art,-,532,,Home,Decor,Art,
Decor,Fireplace,-,20,,Home,Decor,-,
Decor,Home Accents,Art,0,,Home,Decor,Art,
Decor,Home Accents,Book Storage + Organization,0,,Home,Organization,-,
Decor,Home Accents,Books,17,,Books,Z_Other,-,
Decor,Home Accents,"Boxes, Baskets + Crates",0,,Home,Organization,Baskets and Bins,
Decor,Home Accents,Candles + Candleholders,16,,Home,Decor,-,
Decor,Home Accents,Clocks,0,,Electronics,Clocks,-,
Decor,Home Accents,Decorative Accessories,36,,Home,Decor,-,
Decor,Home Accents,Office Accessories,0,,Office Supplies,Misc Office Supplies,-,
Decor,Home Accents,Outdoor Accessories,2,,Home,Decor,-,
Decor,Home Accents,Planters + Pots,3,,Home,Decor,-,
Decor,Home Accents,Tabletop Accessories,5,,Home,Decor,Tabletop,
Decor,Home Accents,Trays + Catchalls,3,,Home,Decor,-,
Decor,Home Accents,Vases,19,,Home,Decor,-,
Decor,Home Organization,Book Storage + Organization,7,,Home,Organization,-,
Decor,Home Organization,Entryway Storage + Organization,3,,Home,Organization,-,
Decor,Home Organization,Wall-Mounted Organization,12,,Home,Organization,-,
Decor,Mirrors,-,60,,Home,Decor,Mirrors,
Decor,Office Accessories,"Boxes, Baskets + Crates",0,,Office Supplies,Desk Organization,-,
Decor,Office Accessories,Credenzas + Sideboards,0,,Home,Furniture,-,
Decor,Office Accessories,Entryway Storage + Organization,3,,Home,Organization,-,
Decor,Office Accessories,File Storage,6,,Home,Furniture,Storage,
Decor,Office Accessories,Gaming Accessories,4,,Office Supplies,Desk Organization,-,
Decor,Office Accessories,Miscellaneous Accessories,1,,Office Supplies,Misc Office Supplies,-,
Decor,Office Accessories,Office + File Storage,3,,Home,Furniture,Storage,
Decor,Office Accessories,Office Accessories,32,,Office Supplies,Desk Organization,-,
Decor,Office Accessories,Side Tables,1,,Home,Furniture,Side Tables,
Decor,Office Accessories,Trays + Catchalls,0,,Office Supplies,Desk Organization,-,
Decor,Pillows + Throws,-,602,,Home,Decor,Decorative Pillows and Throws,
Decor,Planters + Pots,-,50,,Home,Decor,-,
Decor,Tabletop + Bar,Barware + Bar Tools,30,,Home,Kitchen,-,
Decor,Tabletop + Bar,Candles + Candleholders,7,,Home,Decor,-,
Decor,Tabletop + Bar,Dinnerware,51,,Home,Kitchen,-,
Decor,Tabletop + Bar,Flatware,9,,Home,Kitchen,-,
Decor,Tabletop + Bar,Glassware,49,,Home,Kitchen,-,
Decor,Tabletop + Bar,Kitchen + Cooking Accessories,11,,Home,Kitchen,-,
Decor,Tabletop + Bar,Serveware,35,,Home,Kitchen,-,
Decor,Tabletop + Bar,Table Linens,15,,Home,Kitchen,-,
Decor,Tabletop + Bar,Trays + Catchalls,24,,Home,Decor,-,
Decor,Tabletop + Bar,Vases,4,,Home,Decor,-,
Decor,Outdoor Accessories,Fire Pits + Patio Heaters,5,,Home,Decor,-,
Decor,Outdoor Accessories,Outdoor Accessories,124,,Home,Decor,-,
Decor,Outdoor Accessories,"Outdoor Seat Pads, Cushions + Pillows",102,,Home,Decor,Decorative Pillows and Throws,
Decor,Outdoor Accessories,Outdoor Planters + Pots,32,,Home,Decor,-,
Decor,Outdoor Accessories,Outdoor Decor,11,,Home,Decor,-,
Decor,Home Organization,Office Organization + Storage,46,,Home,Furniture,Storage,
Decor,Outdoor Accessories,Outdoor Mats,14,,Home,Decor,Rugs,
Decor,Outdoor Accessories,Bathroom Accessories,2,,Home,Decor,-,
Decor,Home Organization,Hanging Racks + Hooks,51,,Home,Z_Other,-,
Decor,Home Organization,"Boxes, Baskets + Crates",108,,Home,Organization,Baskets and Bins,
Decor,Home Organization,Step Stools,4,,Home,Furniture,-,
Decor,Home Organization,Trays + Catchalls,3,,Home,Organization,-,
Decor,Home Organization,Folding Screens + Room Dividers,3,,Home,Z_Other,-,
Decor,Home Organization,Freestanding Shelving + Storage,2,,Home,Furniture,Storage,
Furniture,-,-,9558,,Home,Furniture,-,
Furniture,Entryway Furniture,Benches + Stools,55,,Home,Furniture,-,
Furniture,Entryway Furniture,Coat Racks + Umbrella Stands,13,,Home,Organization,-,
Furniture,Entryway Furniture,Coffee Tables,2,,Home,Furniture,-,
Furniture,Entryway Furniture,Console Tables,39,,Home,Furniture,-,
Furniture,Entryway Furniture,"Credenzas, Buffets + Sideboards",3,,Home,Furniture,-,
Furniture,Entryway Furniture,Decor,1,,Home,Decor,-,
Furniture,Entryway Furniture,Entryway Accessories,0,,Home,Decor,-,
Furniture,Entryway Furniture,Media Storage,5,,Home,Furniture,Storage,
Furniture,Entryway Furniture,Mirrors,13,,Home,Decor,Mirrors,
Furniture,Entryway Furniture,Outdoor,2,,Home,Decor,-,
Furniture,Entryway Furniture,"Seat Pads, Cushions + Slipcovers",0,,Home,Decor,-,
Furniture,Entryway Furniture,Shelves + Bookcases,1,,Home,Furniture,Bookcases and Cubbies,
Furniture,Entryway Furniture,Side + End Tables,2,,Home,Furniture,Side Tables,
Furniture,Entryway Furniture,Storage Accessories,1,,Home,Furniture,-,
Furniture,Entryway Furniture,Wall Storage & Coat Racks,0,,Home,Organization,-,
Furniture,Gaming Furniture,-,182,,Home,Furniture,-,
Furniture,Kitchen + Dining Room Furniture,Accessories + Decor,4,,Home,Decor,-,
Furniture,Kitchen + Dining Room Furniture,Adjustable Height Stools,14,,Home,Furniture,Chairs and Sofas,
Furniture,Kitchen + Dining Room Furniture,Bar Carts + Trolleys,15,,Home,Furniture,Storage,
Furniture,Kitchen + Dining Room Furniture,Caf√© Tables,10,,Home,Furniture,Tables and Desks,
Furniture,Kitchen + Dining Room Furniture,Credenzas + Sideboards,0,,Home,Furniture,-,
Furniture,Kitchen + Dining Room Furniture,Dining Armchairs,559,,Home,Furniture,Chairs and Sofas,
Furniture,Kitchen + Dining Room Furniture,Dining Benches,11,,Home,Furniture,-,
Furniture,Kitchen + Dining Room Furniture,Dining Side Chairs,546,,Home,Furniture,Chairs and Sofas,
Furniture,Kitchen + Dining Room Furniture,Dining Stools,241,,Home,Furniture,Chairs and Sofas,
Furniture,Kitchen + Dining Room Furniture,Extension + Drop Leaf Tables,10,,Home,Furniture,Tables and Desks,
Furniture,Kitchen + Dining Room Furniture,Kitchen + Dining Storage,0,,Home,Furniture,Storage,
Furniture,Kitchen + Dining Room Furniture,Rectangular Dining Tables,46,,Home,Furniture,Tables and Desks,
Furniture,Kitchen + Dining Room Furniture,Round + Oval Dining Tables,49,,Home,Furniture,Tables and Desks,
Furniture,Kitchen + Dining Room Furniture,Stacking Chairs,55,,Home,Furniture,Chairs and Sofas,
Furniture,Kitchen + Dining Room Furniture,Step Stools,1,,Home,Decor,-,
Furniture,Living Room Furniture,Art,0,,Home,Decor,Art,
Furniture,Living Room Furniture,Bar + Counter Stools,127,,Home,Furniture,Chairs and Sofas,
Furniture,Living Room Furniture,"Bar Carts, Bar Cabinets + Trolleys",0,,Home,Furniture,Storage,
Furniture,Living Room Furniture,Bedside Tables + Nightstands,0,,Home,Furniture,Side Tables,
Furniture,Living Room Furniture,Benches + Stools,143,,Home,Furniture,-,
Furniture,Living Room Furniture,Coat Racks + Umbrella Stands,0,,Home,Organization,-,
Furniture,Living Room Furniture,Coffee Tables,191,,Home,Furniture,-,
Furniture,Living Room Furniture,Console Tables,7,,Home,Furniture,-,
Furniture,Living Room Furniture,"Credenzas, Buffets + Sideboards",0,,Home,Furniture,-,
Furniture,Living Room Furniture,Daybeds + Sleeper Sofas,264,,Home,Decor,-,
Furniture,Living Room Furniture,Decor,103,,Home,Decor,-,
Furniture,Living Room Furniture,Desks,0,,Home,Furniture,Tables and Desks,
Furniture,Living Room Furniture,Dining + Side Chairs,30,,Home,Furniture,Chairs and Sofas,
Furniture,Living Room Furniture,Entryway Accessories,0,,Home,Decor,-,
Furniture,Living Room Furniture,Fireplace Accessories,2,,Home,Decor,-,
Furniture,Living Room Furniture,Lounge Chairs + Armchairs,2307,,Home,Furniture,Chairs and Sofas,
Furniture,Living Room Furniture,Media Storage,0,,Home,Furniture,Storage,
Furniture,Living Room Furniture,Office + File Storage,0,,Home,Furniture,Storage,
Furniture,Living Room Furniture,Ottomans,1188,,Home,Furniture,Chairs and Sofas,
Furniture,Living Room Furniture,Outdoor,79,,Home,Furniture,Chairs and Sofas,
Furniture,Living Room Furniture,Outdoor Accessories,0,,Home,Decor,-,
Furniture,Living Room Furniture,Pillows + Throws,2,,Home,Decor,Decorative Pillows and Throws,
Furniture,Living Room Furniture,Rocking Chairs + Recliners,101,,Home,Furniture,Chairs and Sofas,
Furniture,Living Room Furniture,"Seat Pads, Cushions + Slipcovers",6,,Home,Decor,-,
Furniture,Living Room Furniture,Shelves + Bookcases,0,,Home,Furniture,Bookcases and Cubbies,
Furniture,Living Room Furniture,Side + End Tables,143,,Home,Furniture,Side Tables,
Furniture,Living Room Furniture,Sofas + Sectionals,1653,,Home,Furniture,Chairs and Sofas,
Furniture,Living Room Furniture,Storage Accessories,14,,Home,Furniture,-,
Furniture,Living Room Furniture,Tabletop + Bar Accessories,8,,Home,Decor,Tabletop,
Furniture,Living Room Furniture,Workspace + Gaming Accessories,1,,Home,Decor,-,
Furniture,Office Furniture,Armchairs,3,,Home,Furniture,Chairs and Sofas,
Furniture,Office Furniture,Bar Carts + Trolleys,7,,Home,Furniture,Storage,
Furniture,Office Furniture,Bedside Lamps,0,,Home,Decor,Lighting,
Furniture,Office Furniture,Book Storage + Organization,2,,Home,Organization,-,
Furniture,Office Furniture,"Boxes, Baskets + Crates",0,,Office Supplies,Desk Organization,-,
Furniture,Office Furniture,Credenzas + Sideboards,21,,Home,Furniture,-,
Furniture,Office Furniture,Desk + Task Lamps,0,,Home,Decor,Lighting,
Furniture,Office Furniture,Desks,142,,Home,Furniture,Tables and Desks,
Furniture,Office Furniture,Dining Armchairs,153,,Home,Furniture,Chairs and Sofas,
Furniture,Office Furniture,Entryway Storage + Organization,0,,Home,Organization,-,
Furniture,Office Furniture,Ergonomic Chairs,9,,Home,Furniture,Chairs and Sofas,
Furniture,Office Furniture,File Storage,8,,Home,Furniture,Storage,
Furniture,Office Furniture,Freestanding Shelving + Storage,21,,Office Supplies,Desk Organization,-,
Furniture,Office Furniture,Gaming Accessories,0,,Office Supplies,Desk Organization,-,
Furniture,Office Furniture,Media Storage,1,,Home,Furniture,Storage,
Furniture,Office Furniture,Miscellaneous Accessories,0,,Office Supplies,Misc Office Supplies,-,
Furniture,Office Furniture,Office + File Storage,21,,Home,Furniture,Storage,
Furniture,Office Furniture,Office Accessories,0,,Office Supplies,Desk Organization,-,
Furniture,Office Furniture,Office Chairs,661,,Home,Furniture,Chairs and Sofas,
Furniture,Office Furniture,Office Stools,4,,Home,Furniture,Chairs and Sofas,
Furniture,Office Furniture,Side Chairs,0,,Home,Furniture,Chairs and Sofas,
Furniture,Office Furniture,Side Tables,12,,Home,Furniture,Side Tables,
Furniture,Office Furniture,Sit-to-Stand Desks,24,,Home,Furniture,Tables and Desks,
Furniture,Office Furniture,Stacking Chairs,2,,Home,Furniture,Chairs and Sofas,
Furniture,Office Furniture,Table Lamps,0,,Home,Decor,Lighting,
Furniture,Office Furniture,Trays + Catchalls,0,,Home,Decor,-,
Furniture,Bedroom Furniture,Coat Racks + Umbrella Stands,5,,Home,Organization,-,
Furniture,Bedroom Furniture,Bedside Tables + Nightstands,53,,Home,Furniture,Side Tables,
Furniture,Bedroom Furniture,Side + End Tables,21,,Home,Furniture,Side Tables,
Furniture,Bedroom Furniture,"Chests, Dressers + Vanities",5,,Home,Furniture,-,
Furniture,Bedroom Furniture,Benches + Stools,27,,Home,Furniture,-,
Furniture,Bedroom Furniture,Decor,27,,Home,Decor,-,
Furniture,Bedroom Furniture,Beds + Headboards,66,,Home,Furniture,Beds,
Furniture,Bedroom Furniture,"Mattresses, Pillows + Bedding",6,,Home,Bedding and Linen,Pillows,
Furniture,Bedroom Furniture,Storage Accessories,4,,Home,Furniture,Storage,
Furniture,Bedroom Furniture,Coffee Tables,2,,Home,Furniture,Tables and Desks,
Furniture,Bedroom Furniture,"Credenzas, Buffets + Sideboards",1,,Home,Furniture,-,
Furniture,Bedroom Furniture,Mirrors,1,,Home,Decor,Mirrors,
Lighting,-,-,1045,,Home,Decor,Lighting,
Lighting,Ceiling + Pendant Lamps,Flushmount + Semi-Flushmount Lighting,13,,Home,Decor,Lighting,
Lighting,Ceiling + Pendant Lamps,Lighting Cords + Shades,13,,Home,Decor,Lighting,
Lighting,Ceiling + Pendant Lamps,Multi-Light Pendants + Chandeliers,58,,Home,Decor,Lighting,
Lighting,Ceiling + Pendant Lamps,Pendant Lighting,359,,Home,Decor,Lighting,
Lighting,Ceiling Fans,Ceiling Fans,30,,Home,Decor,-,
Lighting,Floor Lamps,Adjustable Floor Lamps,29,,Home,Decor,Lighting,
Lighting,Floor Lamps,Arc Floor Lamps,6,,Home,Decor,Lighting,
Lighting,Floor Lamps,Column Floor Lamps,10,,Home,Decor,Lighting,
Lighting,Floor Lamps,Floor Lamps with Shades,29,,Home,Decor,Lighting,
Lighting,Floor Lamps,Globe Floor Lamps,20,,Home,Decor,Lighting,
Lighting,Floor Lamps,Multi-Light Floor Lamps,3,,Home,Decor,Lighting,
Lighting,Floor Lamps,Reading Floor Lamps,28,,Home,Decor,Lighting,
Lighting,Floor Lamps,Sculptural Floor Lamps,1,,Home,Decor,Lighting,
Lighting,Floor Lamps,Tripod Floor Lamps,13,,Home,Decor,Lighting,
Lighting,Portable Lamps,Decor,0,,Home,Decor,Lighting,
Lighting,Portable Lamps,Floor Lamps,0,,Home,Decor,Lighting,
Lighting,Portable Lamps,Outdoor,3,,Home,Decor,Lighting,
Lighting,Portable Lamps,Outdoor Lighting + Lanterns,0,,Home,Decor,Lighting,
Lighting,Portable Lamps,Table + Desk Lamps,0,,Home,Decor,Lighting,
Lighting,Sconces + Wall Lamps,Column Floor Lamps,5,,Home,Decor,Lighting,
Lighting,Sconces + Wall Lamps,Lanterns + Portable Lamps,2,,Home,Decor,Lighting,
Lighting,Sconces + Wall Lamps,Lighting Cords + Shades,8,,Home,Decor,Lighting,
Lighting,Sconces + Wall Lamps,Wall Lamps + Sconces,51,,Home,Decor,Lighting,
Lighting,Sconces + Wall Lamps,Wall Mounted Lighting,30,,Home,Decor,Lighting,
Lighting,Table + Desk Lamps,Bedside Lamps,0,,Home,Decor,Lighting,
Lighting,Table + Desk Lamps,Desk + Task Lamps,94,,Home,Decor,Lighting,
Lighting,Table + Desk Lamps,Floor Lamps,7,,Home,Decor,Lighting,
Lighting,Table + Desk Lamps,Lanterns + Portable Lighting,23,,Home,Decor,Lighting,
Lighting,Table + Desk Lamps,Lighting Cords + Shades,2,,Home,Decor,Lighting,
Lighting,Table + Desk Lamps,Table Lamps,155,,Home,Decor,Lighting,
Lighting,Table + Desk Lamps,Wall Lamps + Sconces,4,,Home,Decor,Lighting,
Lighting,Table + Desk Lamps,Wall-Mounted Lighting,2,,Home,Decor,Lighting,
Lighting,Outdoor Lighting,Outdoor Lighting,47,,Home,Decor,Lighting,
Lighting,Outdoor Lighting,Outdoor Accessories + Decor,,,Home,Decor,Lighting,
Outdoor,-,-,1189,,Home,Z_Other,-,
Outdoor,Indoor-Outdoor Rugs,Floor Mats,0,,Home,Decor,Rugs,
Outdoor,Indoor-Outdoor Rugs,Indoor-Outdoor Rugs,10,,Home,Decor,Rugs,
Outdoor,Indoor-Outdoor Rugs,Rug Pads,0,,Home,Decor,Rugs,
Outdoor,Outdoor Accessories,Bathroom Accessories,0,,Home,Z_Other,-,
Outdoor,Outdoor Accessories,Fire Pits + Patio Heaters,0,,Home,Decor,-,
Outdoor,Outdoor Accessories,Outdoor Accessories,0,,Home,Decor,-,
Outdoor,Outdoor Accessories,Outdoor Decor,0,,Home,Decor,-,
Outdoor,Outdoor Accessories,Outdoor Furniture Covers,0,,Home,Decor,-,
Outdoor,Outdoor Accessories,Outdoor Hardware + Accessories,0,,Home,Decor,-,
Outdoor,Outdoor Accessories,Outdoor Lanterns,0,,Home,Decor,Lighting,
Outdoor,Outdoor Accessories,Outdoor Mats,0,,Home,Decor,Rugs,
Outdoor,Outdoor Accessories,Outdoor Planters + Pots,0,,Home,Decor,-,
Outdoor,Outdoor Accessories,"Outdoor Seat Pads, Cushions + Pillows",0,,Home,Decor,-,
Outdoor,Outdoor Accessories,"Seat Pads, Cushions + Slipcovers",0,,Home,Decor,-,
Outdoor,Outdoor Furniture,Adirondack + Deck Chairs,41,,Home,Furniture,Chairs and Sofas,
Outdoor,Outdoor Furniture,Heated Outdoor Furniture,6,,Home,Furniture,Chairs and Sofas,
Outdoor,Outdoor Furniture,Outdoor Accessories + Decor,47,,Home,Decor,-,
Outdoor,Outdoor Furniture,Outdoor Benches,74,,Home,Furniture,-,
Outdoor,Outdoor Furniture,Outdoor Chaise Lounges,40,,Home,Furniture,-,
Outdoor,Outdoor Furniture,Outdoor Dining Chairs,115,,Home,Furniture,Chairs and Sofas,
Outdoor,Outdoor Furniture,Outdoor Dining Furniture,47,,Home,Furniture,-,
Outdoor,Outdoor Furniture,Outdoor Dining Tables,97,,Home,Furniture,Tables and Desks,
Outdoor,Outdoor Furniture,Outdoor Furniture Covers,5,,Home,Z_Other,-,
Outdoor,Outdoor Furniture,Outdoor Furniture Sets,52,,Home,Furniture,-,
Outdoor,Outdoor Furniture,Outdoor Lounge Chairs,169,,Home,Furniture,Chairs and Sofas,
Outdoor,Outdoor Furniture,Outdoor Ottomans + Footstools,79,,Home,Furniture,Chairs and Sofas,
Outdoor,Outdoor Furniture,Outdoor Side + Coffee Tables,152,,Home,Furniture,Side Tables,
Outdoor,Outdoor Furniture,Outdoor Sofas + Sectionals,104,,Home,Furniture,Chairs and Sofas,
Outdoor,Outdoor Furniture,Outdoor Stools,35,,Home,Furniture,Chairs and Sofas,
Outdoor,Outdoor Furniture,Outdoor Storage + Organization,6,,Home,Furniture,Storage,
Outdoor,Outdoor Furniture,Patio Umbrellas,0,,Home,Z_Other,-,
Outdoor,Outdoor Lighting,Outdoor Accessories + Decor,0,,Home,Decor,Lighting,
Outdoor,Outdoor Lighting,Outdoor Lighting,0,,Home,Decor,Lighting,
Outdoor,Outdoor Storage,Outdoor Accessories + Decor,50,,Home,Furniture,Storage,
Outdoor,Outdoor Storage,Outdoor Storage + Organization,6,,Home,Furniture,Storage,
Outdoor,Patio Umbrellas,Outdoor Storage + Organization,8,,Home,Z_Other,-,
Outdoor,Patio Umbrellas,Patio Umbrellas,46,,Home,Z_Other,-,
Rugs,-,-,539,,,,,
Rugs,Area Rugs,-,87,,Home,Decor,Rugs,
Rugs,Floor Mats,-,2,,Home,Decor,Rugs,
Rugs,Indoor-Outdoor Rugs,-,0,,Home,Decor,Rugs,
Rugs,Rug Pads,-,7,,Home,Decor,Rugs,
Rugs,Sheepskin + Hide Rugs,-,15,,Home,Decor,Rugs,
Rugs,Textured Rugs,-,33,,Home,Decor,Rugs,
Rugs,Tufted Rugs,-,180,,Home,Decor,Rugs,
Rugs,Woven + Flat Weave Rugs,-,215,,Home,Decor,Rugs,
Storage,-,-,326,,Home,Furniture,Storage,
Storage,"Chests, Dressers + Armoires",Armoires,11,,Home,Furniture,Storage,
Storage,"Chests, Dressers + Armoires",Chests + Dressers,46,,Home,Furniture,Dressers,
Storage,"Chests, Dressers + Armoires",Freestanding Shelving + Storage,0,,Home,Furniture,Storage,
Storage,Closet Storage,"Boxes, Baskets + Crates",0,,Home,Furniture,Storage,
Storage,Closet Storage,Freestanding Shelving + Storage,0,,Home,Furniture,Storage,
Storage,Closet Storage,Step Stools,0,,Home,Furniture,-,
Storage,Closet Storage,Wall-Mounted Shelving + Storage,0,,Home,Furniture,Storage,
Storage,"Credenzas, Buffets + Sideboards",Credenzas + Sideboards,21,,Home,Furniture,-,
Storage,"Credenzas, Buffets + Sideboards",Freestanding Shelving + Storage,10,,Home,Furniture,Storage,
Storage,"Credenzas, Buffets + Sideboards",Media Storage,4,,Home,Furniture,Storage,
Storage,"Credenzas, Buffets + Sideboards",Office + File Storage,0,,Home,Furniture,Storage,
Storage,"Credenzas, Buffets + Sideboards",Storage Benches,1,,Home,Furniture,Storage,
Storage,"Credenzas, Buffets + Sideboards",Storage Consoles,0,,Home,Furniture,Storage,
Storage,"Credenzas, Buffets + Sideboards",Wall-Mounted Shelving + Storage,2,,Home,Furniture,Storage,
Storage,Home Organization,Book Storage + Organization,,,Home,Furniture,Storage,
Storage,Home Organization,"Boxes, Baskets + Crates",0,,Home,Organization,Baskets and Bins,
Storage,Home Organization,Folding Screens + Room Dividers,0,,Home,Organization,-,
Storage,Home Organization,Freestanding Shelving + Storage,0,,Home,Furniture,Storage,
Storage,Home Organization,Hanging Racks + Hooks,0,,Home,Organization,-,
Storage,Home Organization,Office Organization + Storage,0,,Home,Organization,-,
Storage,Home Organization,Step Stools,0,,Home,Furniture,-,
Storage,Home Organization,Trays + Catchalls,0,,Home,Decor,-,
Storage,Home Organization,Wall-Mounted Organization,,,Home,Organization,-,
Storage,Media Storage,-,101,,Home,Furniture,Storage,
Storage,Shelves + Bookcases,Bar Carts + Trolleys,0,,Home,Furniture,Storage,
Storage,Shelves + Bookcases,Coat Racks,0,,Home,Organization,-,
Storage,Shelves + Bookcases,Credenzas + Sideboards,0,,Home,Furniture,-,
Storage,Shelves + Bookcases,Entryway Storage + Organization,0,,Home,Organization,-,
Storage,Shelves + Bookcases,Freestanding Shelving + Storage,7,,Home,Furniture,Storage,
Storage,Shelves + Bookcases,Office + File Storage,0,,Home,Furniture,Storage,
Storage,Shelves + Bookcases,Office Shelving,0,,Home,Furniture,Storage,
Storage,Shelves + Bookcases,Wall-Mounted Shelving + Storage,7,,Home,Furniture,Storage,
Storage,Shelving Systems,Coat Racks,3,,Home,Organization,-,
Storage,Shelving Systems,Entryway Storage + Organization,10,,Home,Organization,-,
Storage,Shelving Systems,Freestanding Shelving + Storage,34,,Home,Furniture,Storage,
Storage,Shelving Systems,Office + File Storage,0,,Home,Furniture,Storage,
Storage,Shelving Systems,Office Shelving,33,,Home,Furniture,Storage,
Storage,Shelving Systems,Storage Accessories,2,,Home,Furniture,-,
Storage,Shelving Systems,Wall-Mounted Shelving + Storage,34,,Home,Furniture,-,