productType,category,subCategory,pt aliases,cat aliases,sub-cat aliases,descriptions,,,
Accessories,-,-,,,,,,,
Accessories,Eyewear,-,,,,,,,
Accessories,Eyewear,Glasses,,,,,,,
Accessories,Eyewear,Sunglasses,,,,,,,
Accessories,Umbrellas,-,,,,,,,
Accessories,Wallets,-,,,,,,,
Accessories,Z_Other,-,,,,,,,
Apparel,-,-,,,,,,,
Apparel,Accessories,-,Clothing,,,,,,
Apparel,Accessories,Belts,Clothing,,,,,,
Apparel,Accessories,Fashion Scarves,Clothing,,,,,,
Apparel,Accessories,Ties,Clothing,,,,,,
Apparel,Bras,-,Clothing,,,,,,
Apparel,Bras,Bralettes,Clothing,,,,,,
Apparel,Bras,Camisoles,Clothing,,,,,,
Apparel,Bras,Full Coverage Bras,Clothing,,,,,,
Apparel,Bras,Slips and Undershirts ,Clothing,,,,,,
Apparel,Bras,Sports Bras,Clothing,,,,,,
Apparel,Bras,Training Bras,Clothing,,,,,,
Apparel,Dresses,-,Clothing,,,,,,
Apparel,Dresses,A-line Dresses,Clothing,,,,,,
Apparel,Dresses,Athletic Dresses,Clothing,,,,,,
Apparel,Dresses,Babydoll Dresses,Clothing,,,,,,
Apparel,Dresses,Maxi Dresses,Clothing,,,,,,
Apparel,Dresses,Shift Dresses,Clothing,,,,,,
Apparel,Dresses,Shirt Dresses,Clothing,,,,,,
Apparel,Dresses,Skater Dresses,Clothing,,,,,,
Apparel,Dresses,Sundresses,Clothing,,,,,,
Apparel,Dresses,Sweater Dresses,Clothing,,,,,,
Apparel,Dresses,T-shirt Dresses,Clothing,,,,,,
Apparel,Dresses,Tunic Dresses,Clothing,,,,,,
Apparel,Dresses,Tutu Dresses,Clothing,,,,,,
Apparel,Lounge and Sleepwear,-,Clothing,"PJs, Pajamas",,,,,
Apparel,Lounge and Sleepwear,Eye Masks,Clothing,"PJs, Pajamas",,,,,
Apparel,Lounge and Sleepwear,Footie Pajamas,Clothing,"PJs, Pajamas","Onesie Pajamas, Zippy Pajamas",,,,
Apparel,Lounge and Sleepwear,Nightgowns,Clothing,"PJs, Pajamas","nightdress, nightshirt, nightie",,,,
Apparel,Lounge and Sleepwear,Pajama Pants,Clothing,"PJs, Pajamas",,,,,
Apparel,Lounge and Sleepwear,Pajama Sets,Clothing,"PJs, Pajamas",,,,,
Apparel,Lounge and Sleepwear,Union Suits,Clothing,"PJs, Pajamas",,,,,
Apparel,One-Piece Clothing,-,Clothing,,,,,,
Apparel,One-Piece Clothing,Coveralls,Clothing,,,,,,
Apparel,One-Piece Clothing,Jumpsuits,Clothing,,,,,,
Apparel,One-Piece Clothing,Overalls,Clothing,,,,,,
Apparel,One-Piece Clothing,Rompers,Clothing,,,,,,
Apparel,One-Piece Clothing,Shortalls,Clothing,,,,,,
Apparel,Outfit Sets,-,Clothing,,,,,,
Apparel,Pants,-,Clothing,Bottoms,,,,,
Apparel,Pants,Athletic Leggings,Clothing,Bottoms,Yoga Pants,,,,
Apparel,Pants,Cargo Pants,Clothing,Bottoms,,,,,
Apparel,Pants,Chino Pants,Clothing,Bottoms,,,,,
Apparel,Pants,Fashion Pants,Clothing,Bottoms,,,,,
Apparel,Pants,Five-Pocket Pants,Clothing,Bottoms,,,,,
Apparel,Pants,Jeans,Clothing,Bottoms,"Denim Pants, dungarees",,,,
Apparel,Pants,Jogger Pants,Clothing,Bottoms,,,,,
Apparel,Pants,Leggings,Clothing,Bottoms,,,,,
Apparel,Pants,Pull-On Pants,Clothing,Bottoms,,,,,
Apparel,Pants,Sweatpants,Clothing,Bottoms,,,,,
Apparel,Shorts,-,Clothing,Bottoms,,,,,
Apparel,Shorts,Athletic Shorts,Clothing,Bottoms,"Gym Shorts, Running Shorts",,,,
Apparel,Shorts,Bike Shorts,Clothing,Bottoms,,,,,
Apparel,Shorts,Chino Shorts,Clothing,Bottoms,,,,,
Apparel,Shorts,Jean Shorts,Clothing,Bottoms,Denim Shorts,,,,
Apparel,Shorts,Jogger Shorts,Clothing,Bottoms,,,,,
Apparel,Shorts,Pull-On Shorts,Clothing,Bottoms,,,,,
Apparel,Shorts,Trouser Shorts,Clothing,Bottoms,,,,,
Apparel,Skirts,-,Clothing,Bottoms,,,,,
Apparel,Skirts,A-Line Skirts,Clothing,Bottoms,,,,,
Apparel,Skirts,Ballet Skirts,Clothing,Bottoms,,,,,
Apparel,Skirts,Full Skirts,Clothing,Bottoms,Maxi Skirts,,,,
Apparel,Skirts,Midi Skirts,Clothing,Bottoms,,,,,
Apparel,Skirts,Mini Skirts,Clothing,Bottoms,Short Skirts,,,,
Apparel,Skirts,Skorts,Clothing,Bottoms,Built-in Shorts,,,,
Apparel,Skirts,Tennis Skirts,Clothing,Bottoms,,,,,
Apparel,Skirts,Tutu Skirts,Clothing,Bottoms,Tulle Skirts,,,,
Apparel,Socks,-,Clothing,,,,,,
Apparel,Socks,Ankle Socks,Clothing,,,,,,
Apparel,Socks,Athletic Socks,Clothing,,,,,,
Apparel,Socks,Boot Socks,Clothing,,,,,,
Apparel,Socks,Crew Socks,Clothing,,,,,,
Apparel,Socks,Formal Socks,Clothing,,"Dress Socks, Fold-over socks, Ruffle Socks, Cuffed Socks",,,,
Apparel,Socks,Knee High Socks,Clothing,,,,,,
Apparel,Socks,Low Cut Socks,Clothing,,,,,,
Apparel,Socks,No Show Socks,Clothing,,,,,,
Apparel,Socks,Tights,Clothing,,"Stockings, nylons, hose, panty hose, ballet tights",,,,
Apparel,Socks,Wool Socks,Clothing,,"Ski Socks, Hiking Socks",,,,
Apparel,Suiting,-,Clothing,,,,,,
Apparel,Suiting,Blazers,Clothing,,"Sports Coat, Sports Jacket",,,,
Apparel,Suiting,Suits,Clothing,,,,,,
Apparel,Swim,-,Clothing,,,,,,
Apparel,Swim,Board Shorts,Clothing,,"Surf Trunks, Swim shorts",,,,
Apparel,Swim,One-Piece Swimsuits,Clothing,,One-piece bathing suit,,,,
Apparel,Swim,Rash Guards,Clothing,,"Rashie, Swim shirts",,,,
Apparel,Swim,Swim Trunks,Clothing,,Swim shorts,,,,
Apparel,Swim,Two-Piece Swimsuits,Clothing,,Two-piece bathing suit,,,,
Apparel,Swim,Wet Suits,Clothing,,,,,,
Apparel,Thermals,-,Clothing,Base Layers,,,,,
Apparel,Thermals,Bottoms,Clothing,Base Layers,,,,,
Apparel,Thermals,Sets,Clothing,Base Layers,,,,,
Apparel,Thermals,Tops,Clothing,Base Layers,,,,,
Apparel,Tops,-,Clothing,,,,,,
Apparel,Tops,Athletic Tops,Clothing,,Active Tops,,,,
Apparel,Tops,Blouses,Clothing,,,,,,
Apparel,Tops,Button-Down Shirts,Clothing,,Collared Shirts,,,,
Apparel,Tops,Cardigans,Clothing,,Layering Sweater,,,,
Apparel,Tops,Fleeces,Clothing,,Base Layer,,,Layering,
Apparel,Tops,Hoodies,Clothing,,,,,,
Apparel,Tops,Long Sleeve T-Shirts,Clothing,,,,,,
Apparel,Tops,Onesies,Clothing,,Crotch-snaps,,,,
Apparel,Tops,Polos,Clothing,,,,,,
Apparel,Tops,Sleeveless,Clothing,,"tank tops, spaghetti strap",,,,
Apparel,Tops,Sweaters,Clothing,,Jumper,,,,
Apparel,Tops,Sweatshirts,Clothing,,,,,,
Apparel,Tops,T-Shirts,Clothing,,Short Sleeve Shirts,,,,
Apparel,Tops,Turtle Necks,Clothing,,,,,,
Apparel,Underwear,-,Clothing,Knickers,,,,,
Apparel,Underwear,Bikini Underwear,Clothing,Knickers,,,,,
Apparel,Underwear,Boxer Briefs,Clothing,Knickers,,,,,
Apparel,Underwear,Boxers,Clothing,Knickers,,,,,
Apparel,Underwear,Boy Short Underwear,Clothing,Knickers,,,,,
Apparel,Underwear,Briefs,Clothing,Knickers,,,,,
Apparel,Underwear,Hipster Underwear,Clothing,Knickers,,,,,
Apparel,Z_Other,-,Clothing,,,,,,
Baby Gear,-,-,,,,,,,
Baby Gear,Baby Monitors,-,,,,,,,
Baby Gear,Baby Walkers,-,,,"Sit-in Baby Walker, Sit-In Walker",Sit-in walker with 4 wheels,,,
Baby Gear,"Bouncers, Jumpers & Swings",-,,,,,,,
Baby Gear,Car Seats,-,,,,,,,
Baby Gear,Car Seats,Booster Car Seats,,,,,,,
Baby Gear,Car Seats,Car Seat Accessories,,,,,,,
Baby Gear,Car Seats,Convertible Car Seats,,,Toddler Car Seat,,,,
Baby Gear,Car Seats,Infant Car Seat Bases,,,,,,,
Baby Gear,Car Seats,Infant Car Seats,,,,,,,
Baby Gear,Carriers,-,,,,,,,
Baby Gear,Carriers,Baby & Toddler carriers,,,Baby Backpack,,,,
Baby Gear,Carriers,Carrier Accessories,,,,,,,
Baby Gear,Carriers,Harnesses & Leashes,,,,,,,
Baby Gear,Carriers,Hiking Backpacks,,,,,,,
Baby Gear,Carriers,Slings,,,,,,,
Baby Gear,Diapering,-,,,,,,,
Baby Gear,Diapering,Baby Wipes,,,,,,,
Baby Gear,Diapering,Changing Pad Covers,,,,,,,
Baby Gear,Diapering,Changing Pads,,,,,,,
Baby Gear,Diapering,Cloth Diapers,,,"Reusable diapers, Cloth Nappies",,,,
Baby Gear,Diapering,Diaper Covers & Inserts,,,Cloth Diaper Covers,,,,
Baby Gear,Diapering,Diaper Creams,,,,,,,
Baby Gear,Diapering,Diaper Pails & liners,,,,,,,
Baby Gear,Diapering,Diaper Pins,,,,,,,
Baby Gear,Diapering,Diapering Accessories,,,"Wipes Cases, Wipes Warmer, Diaper Storage",,,,
Baby Gear,Diapering,Disposable Diapers,,,Nappies,,,,
Baby Gear,Diapering,Swim Diapers,,,Swim Nappies,,,,
Baby Gear,Diapering,Training Pants,,,Pull-Ups,,,,
Baby Gear,Floor Seats & Loungers,-,,,,,,,
Baby Gear,Hearing Protection Earmuffs,-,,,,,,,
Baby Gear,Nursing & Feeding,-,,,,,,,
Baby Gear,Nursing & Feeding,Baby Food,,,,,,,
Baby Gear,Nursing & Feeding,Baby Snacks,,,,,,,
Baby Gear,Nursing & Feeding,Bibs,,,,,,,
Baby Gear,Nursing & Feeding,Bottle Brushes,,,,,,,
Baby Gear,Nursing & Feeding,Bottle Nipples,,,,,,,
Baby Gear,Nursing & Feeding,Bottle Warmers,,,,,,,
Baby Gear,Nursing & Feeding,Bottles,,,,,,,
Baby Gear,Nursing & Feeding,Breast Pump & Accessories,,,,,,,
Baby Gear,Nursing & Feeding,Breastmilk Containers,,,Breastmilk Bags,,,,
Baby Gear,Nursing & Feeding,Burp Cloths,,,,,,,
Baby Gear,Nursing & Feeding,Drying Racks,,,,,,,
Baby Gear,Nursing & Feeding,Formula,,,,,,,
Baby Gear,Nursing & Feeding,Nursing Bras,,,,,,,
Baby Gear,Nursing & Feeding,Nursing Covers,,,,,,,
Baby Gear,Nursing & Feeding,Nursing Cups & Creams,,,nipple shields,,,,
Baby Gear,Nursing & Feeding,Nursing Pads,,,,,,,
Baby Gear,Nursing & Feeding,Nursing Pillows,,,,,,,
Baby Gear,Nursing & Feeding,Sterilizer,,,,,,,
Baby Gear,Pacifiers,-,,,,,,,
Baby Gear,Pacifiers,Pacifier Accessories,,,,,,,
Baby Gear,Pacifiers,Pacifiers,,,,,,,
Baby Gear,Playards,-,,"Playpen, Play Pen",,,,,
Baby Gear,Seating,-,,,,,,,
Baby Gear,Seating,Boosters,,,,,,,
Baby Gear,Seating,Clip on Chairs,,,,,,,
Baby Gear,Seating,Highchairs,,,,,,,
Baby Gear,Sleeping,-,,,,,,,
Baby Gear,Sleeping,Bassinets,,,,,,,
Baby Gear,Sleeping,Crib Bumpers,,,,,,,
Baby Gear,Sleeping,Crib Mobiles,,,,,,,
Baby Gear,Sleeping,Crib Tents,,,Canopies,,,,
Baby Gear,Sleeping,Cribs,,,Cots,,,,
Baby Gear,Sleeping,Swaddle Blankets,,,Receiving Blanket,,,,
Baby Gear,Sleeping,Travel Beds,,,,,,,
Baby Gear,Sleeping,Wearable Blanket,,,Sleep sack,,,,
Baby Gear,Sound Machines,-,,,,,,,
Baby Gear,Strollers,-,,,,,,,
Baby Gear,Strollers,Double Strollers,,"Pram, Pushchair",,,,,
Baby Gear,Strollers,Joggers,,"Pram, Pushchair",,,,,
Baby Gear,Strollers,Standard Strollers,,"Pram, Pushchair",,,,,
Baby Gear,Strollers,Stroller Accessories,,"Pram, Pushchair",,,,,
Baby Gear,Strollers,Travel Strollers,,"Pram, Pushchair",Umbrella Stroller,,,,
Baby Gear,Strollers,Wagons,,"Pram, Pushchair",,,,,
Baby Gear,Teething,-,,,,,,,
Baby Gear,Teething,Teethers,,,,,,,
Baby Gear,Teething,Teething Relief,,,,,,,
Baby Gear,Z_Other,-,,,,,,,
Bags,-,-,,,,,,,
Bags,Backpacks,-,,,,,,,
Bags,Backpacks,Sling Packs,,,,,,,
Bags,Breast Pump Bags,-,,,,,,,
Bags,Cooler Bags,-,,,,,,,
Bags,Diaper Bags,-,,,,,,,
Bags,Duffel & Weekender Bags,-,,,,,,,
Bags,Handbags and Purses,-,,,,,,,
Bags,Lunch Boxes and Snack Bags,-,,,,,,,
Bags,Suitcases,-,,,,,,,
Bags,Wet Bags,-,,,,,,,
Bags,Z_Other,-,,,,,,,
Bath and Body,-,-,,,,,,,
Bath and Body,Bath Products,-,,,,,,,
Bath and Body,Bath Products,Bath Bombs & Salts,,,,,,,
Bath and Body,Bath Products,Bubble Bath,,,,,,,
Bath and Body,Bath Products,Bundles,,,,,,,
Bath and Body,Bath Tubs,-,,,,,,,
Bath and Body,Bath Tubs,Baby Bath Seats,,,,,,,
Bath and Body,Bath Tubs,Baby Bath Tubs,,,,,,,
Bath and Body,Bath Tubs,Tub Accessories,,,Spout Cover,,,Kneeler,Non-slip mat
Bath and Body,Beauty Products,-,,,,,,,
Bath and Body,Beauty Products,Facial Masks,,,,,,,
Bath and Body,Beauty Products,Lipstick and Makeup,,,,,,,
Bath and Body,Dental Care,-,,,,,,,
Bath and Body,Dental Care,Floss and Picks,,,,,,,
Bath and Body,Dental Care,Mouthwash,,,,,,,
Bath and Body,Dental Care,Toothbrushes,,,,,,,
Bath and Body,Dental Care,Toothpaste,,,,,,,
Bath and Body,Hair Accessories,-,,,,,,,
Bath and Body,Hair Accessories,Barrettes,,,"Hair Bow, Hair Clip",,,,
Bath and Body,Hair Accessories,Hair Brushes,,,,,,,
Bath and Body,Hair Accessories,Hair Ties,,,,,,,
Bath and Body,Hair Accessories,Headbands,,,,,,,
Bath and Body,Hair Care,-,,,,,,,
Bath and Body,Hair Care,Combs and Brushes,,,Hair Brush,,,,
Bath and Body,Hair Care,Conditioner,,,,,,,
Bath and Body,Hair Care,Shampoo,,,,,,,
Bath and Body,Hair Care,Trimmers and Clippers,,,,,,,
Bath and Body,Health and Medicine,-,,,,,,,
Bath and Body,Health and Medicine,Band-Aids,,,,,,,
Bath and Body,Health and Medicine,Humidifiers & Purifiers,,,,,,,
Bath and Body,Health and Medicine,Nasal Care,,,,,,,
Bath and Body,Health and Medicine,Oral Care,,,,,,,
Bath and Body,Health and Medicine,Pain Relief,,,,,,,
Bath and Body,Health and Medicine,Pediatric Drinks,,,Pedialyte,,,,
Bath and Body,Health and Medicine,Thermometers,,,,,,,
Bath and Body,Health and Medicine,Treatment Kits,,,,,,,
Bath and Body,Health and Medicine,Vitamins,,,Dietary Supplements,,,,
Bath and Body,Personal Hygiene,-,,,,,,,
Bath and Body,Personal Hygiene,Hand Sanitizer,,,,,,,
Bath and Body,Personal Hygiene,Nail Clippers,,,,,,,
Bath and Body,Personal Hygiene,Wet Wipes,,,,,,,
Bath and Body,Potty Training,-,,,,,,,
Bath and Body,Potty Training,Child Toilet Seats,,,,,,,
Bath and Body,Potty Training,Potties,,,,,,,
Bath and Body,Potty Training,Travel Potties,,,,,,,
Bath and Body,Skin Care,-,,,,,,,
Bath and Body,Skin Care,Baby Oil,,,,,,,
Bath and Body,Skin Care,Bath Soaps and Body Wash,,,,,,,
Bath and Body,Skin Care,Face Wash,,,,,,,
Bath and Body,Skin Care,Lotion and Balm,,,,,,,
Bath and Body,Skin Care,Sunscreen,,,,,,,
Bath and Body,Towels,-,,,,,,,
Bath and Body,Towels,Bath Robes,,,Robes,,,,
Bath and Body,Towels,Bath Towels,,,,,,,
Bath and Body,Towels,Hand Towels,,,,,,,
Bath and Body,Towels,Hooded Towels,,,,,,,
Bath and Body,Towels,Wash Cloths,,,,,,,
Bath and Body,Z_Other,-,,,,,,,
Books,-,-,,,,,,,
Books,Activity & Workbooks,-,,,,,,,
Books,Bath Books,-,,,,,,,
Books,Beginning Readers,-,,,,,,,
Books,Blank Books,-,,,,,,,
Books,Blank Books,Journals,,,,,,,
Books,Blank Books,Notebooks,,,,,,,
Books,Blank Books,Planners,,,,,,,
Books,Blank Books,Sketchbooks,,,,,,,
Books,Board Books,-,,,,,,,
Books,Chapter Books,-,,,,,,,
Books,Coloring Books,-,,,,,,,
Books,Flash Cards,-,,,,,,,
Books,Interactive Books,-,,,,,,,
Books,Picture Books,-,,,,,,,
Books,Pop-up & Lift-the-flap,-,,,,,,,
Books,Sound Books,-,,,,,,,
Books,Sticker Books,-,,,,,,,
Books,Touch & Feel Books,-,,,,,,,
Books,Z_Other,-,,,,,,,
Crafts & School Supplies,-,-,,,,,,,
Crafts & School Supplies,Adhesives,-,,,,,,,
Crafts & School Supplies,Adhesives,Glue,,,,,,,
Crafts & School Supplies,Adhesives,Tape,,,,,,,
Crafts & School Supplies,Adhesives,Velcro,,,,,,,
Crafts & School Supplies,Aprons & Smocks,-,,,,,,,
Crafts & School Supplies,Art Supply Kits,-,,,,,,,
Crafts & School Supplies,Beads,-,,,,,,,
Crafts & School Supplies,Canvas Boards,-,,,,,,,
Crafts & School Supplies,Craft Kits,-,,,,,,,
Crafts & School Supplies,Craft Kits,Beading kits,,,,,,,
Crafts & School Supplies,Craft Kits,Bedazzling kits,,,,,,,
Crafts & School Supplies,Craft Kits,Elastic Kits,,,,,,,
Crafts & School Supplies,Craft Kits,Friendship bracelet kits,,,,,,,
Crafts & School Supplies,Craft Kits,Fuse Beads,,,,,,,
Crafts & School Supplies,Craft Kits,Lanyard,,,,,,,
Crafts & School Supplies,Craft Kits,Sun Catchers,,,,,,,
Crafts & School Supplies,Craft Kits,Tie-dye kits,,,,,,,
Crafts & School Supplies,Craft Storage,-,,,,,,,
Crafts & School Supplies,Cutting Tools,-,,,,,,,
Crafts & School Supplies,Cutting Tools,Hole Punchers,,,,,,,
Crafts & School Supplies,Cutting Tools,Scissors,,,,,,,
Crafts & School Supplies,Drawing and Coloring,-,,,,,,,
Crafts & School Supplies,Drawing and Coloring,Chalk,,,,,,,
Crafts & School Supplies,Drawing and Coloring,Colored Pencils,,,,,,,
Crafts & School Supplies,Drawing and Coloring,Crayons,,,,,,,
Crafts & School Supplies,Drawing and Coloring,Highlighters,,,,,,,
Crafts & School Supplies,Drawing and Coloring,Markers,,,,,,,
Crafts & School Supplies,Drawing and Coloring,Pastels,,,,,,,
Crafts & School Supplies,Drawing and Coloring,Pen & Pencil Refills,,,,,,,
Crafts & School Supplies,Drawing and Coloring,Pencils,,,,,,,
Crafts & School Supplies,Drawing and Coloring,Pens,,,,,,,
Crafts & School Supplies,Dry Erase,-,,,,,,,
Crafts & School Supplies,Dry Erase,Dry Erase Erasers,,,,,,,
Crafts & School Supplies,Dry Erase,Dry Erase Markers,,,,,,,
Crafts & School Supplies,Easels,-,,,,,,,
Crafts & School Supplies,Measuring Tools,-,,,,,,,
Crafts & School Supplies,Measuring Tools,Protractors,,,,,,,
Crafts & School Supplies,Measuring Tools,Rulers,,,,,,,
Crafts & School Supplies,Measuring Tools,Tape Measures,,,,,,,
Crafts & School Supplies,Misc Craft Materials,-,,,,,,,
Crafts & School Supplies,Misc Craft Materials,Craft Sticks,,,,,,,
Crafts & School Supplies,Misc Craft Materials,Glitter,,,,,,,
Crafts & School Supplies,Misc Craft Materials,Jewels & Gems,,,,,,,
Crafts & School Supplies,Misc Craft Materials,Pipe Cleaners,,,,,,,
Crafts & School Supplies,Misc Craft Materials,Ribbons,,,,,,,
Crafts & School Supplies,Model Kits,-,,,,,,,
Crafts & School Supplies,Model Kits,Model Vehicles,,,,,,,
Crafts & School Supplies,Painting,-,,,,,,,
Crafts & School Supplies,Painting,Acrylic Paint,,,,,,,
Crafts & School Supplies,Painting,Finger Paint,,,,,,,
Crafts & School Supplies,Painting,Paint Brushes,,,,,,,
Crafts & School Supplies,Painting,Painting Kit,,,,,,,
Crafts & School Supplies,Painting,Tempera Paint,,,,,,,
Crafts & School Supplies,Painting,Water Color,,,,,,,
Crafts & School Supplies,Paper Crafts,-,,,,,,,
Crafts & School Supplies,Paper Crafts,Origami,,,,,,,
Crafts & School Supplies,Paper Crafts,Scrapbooking,,,,,,,
Crafts & School Supplies,Paper Supplies,-,,,,,,,
Crafts & School Supplies,Paper Supplies,Cardstock,,,,,,,
Crafts & School Supplies,Paper Supplies,Construction Paper,,,,,,,
Crafts & School Supplies,Paper Supplies,Craft Paper,,,,,,,
Crafts & School Supplies,Paper Supplies,Drawing Paper,,,,,,,
Crafts & School Supplies,Paper Supplies,Handwriting Paper,,,,,,,
Crafts & School Supplies,Paper Supplies,Loose Leaf Paper,,,,,,,
Crafts & School Supplies,Paper Supplies,Paper Rolls,,,,,,,
Crafts & School Supplies,Paper Supplies,Specialty Paper,,,,,,,
Crafts & School Supplies,Paper Supplies,Watercolor Paper,,,,,,,
Crafts & School Supplies,Sculpting Materials,-,,,,,,,
Crafts & School Supplies,Sculpting Materials,Clay,,,,,,,
Crafts & School Supplies,Sculpting Materials,Putty,,,,,,,
Crafts & School Supplies,Stamps,-,,,,,,,
Crafts & School Supplies,Stickers,-,,,,,,,
Crafts & School Supplies,Stickers,Sticker Books,,,,,,,
Crafts & School Supplies,Thread Crafts,-,,,,,,,
Crafts & School Supplies,Thread Crafts,Cross Stitch and Embroidery,,,,,,,
Crafts & School Supplies,Thread Crafts,Knitting and Crochet,,,,,,,
Crafts & School Supplies,Thread Crafts,Sewing and Quilting,,,,,,,
Crafts & School Supplies,Thread Crafts,Sewing Machines,,,,,,,
Crafts & School Supplies,Wood Crafts,-,,,,,,,
Crafts & School Supplies,Z_Other,-,,,,,,,
Electronics,-,,,,,,,,
Electronics,Accessories,-,,,,,,,
Electronics,Accessories,Cases,,,,,,,
Electronics,Accessories,External Drives,,,,,,,
Electronics,Accessories,Screen Protectors,,,,,,,
Electronics,Accessories,Touchpads,,,,,,,
Electronics,Accessories,Webcams,,,,,,,
Electronics,Audio Equipment & Accessories,-,,,,,,,
Electronics,Audio Equipment & Accessories,Audio Interfaces,,,,,,,
Electronics,Audio Equipment & Accessories,Headphones & Earbuds,,,,,,,
Electronics,Audio Equipment & Accessories,Live Sound Accessories,,,,,,,
Electronics,Audio Equipment & Accessories,Microphone Stands,,,,,,,
Electronics,Audio Equipment & Accessories,Microphones,,,,,,,
Electronics,Audio Equipment & Accessories,Speakers,,,,,,,
Electronics,Calculators,-,,,,,,,
Electronics,Cameras,-,,,,,,,
Electronics,Cell Phones,-,,,,,,,
Electronics,Chargers & Cables,-,,,,,,,
Electronics,Chargers & Cables,Cable Adapters & Couplers,,,,,,,
Electronics,Chargers & Cables,Cables,,,,,,,
Electronics,Chargers & Cables,Car Chargers,,,,,,,
Electronics,Chargers & Cables,Chargers,,,,,,,
Electronics,Chargers & Cables,Power Adapters,,,,,,,
Electronics,Chargers & Cables,Wireless Chargers,,,,,,,
Electronics,Clocks,-,,,,,,,
Electronics,Computers & Accessories,-,,,,,,,
Electronics,Computers & Accessories,Computer Keyboards,,,,,,,
Electronics,Computers & Accessories,Computer Mice,,,,,,,
Electronics,Computers & Accessories,Computer Monitors,,,,,,,
Electronics,Computers & Accessories,Desktop Computers,,,,,,,
Electronics,Computers & Accessories,Mouse Pads,,,,,,,
Electronics,Laptops,-,,,,,,,
Electronics,Movies,-,,,,,,,
Electronics,Music,-,,,,,,,
Electronics,Printers,-,,,,,,,
Electronics,Tablets,-,,,,,,,
Electronics,Walkie Talkies,-,,,,,,,
Electronics,Z_Other,-,,,,,,,
Home,-,-,,,,,,,
Home,Appliances,-,,,,,,,
Home,Appliances,Refrigerators,,,,,,,
Home,Bedding and Linen,-,,,,,,,
Home,Bedding and Linen,Bedding Sets,,,,,,,
Home,Bedding and Linen,Blankets and Comforters,,,,,,,
Home,Bedding and Linen,Mattress Pads,,,,,,,
Home,Bedding and Linen,Mattresses,,,,,,,
Home,Bedding and Linen,Pillows,,,,,,,
Home,Bedding and Linen,Sheets and Pillowcases,,,,,,,
Home,Bedding and Linen,Sleeping Bags,,,,,,,
Home,Decor,-,,,,,,,
Home,Decor,Art,,,,,,,
Home,Decor,Curtains and Blinds,,,,,,,
Home,Decor,Decorative Pillows and Throws,,,,,,,
Home,Decor,Lighting,,,,,,,
Home,Decor,Mirrors,,,,,,,
Home,Decor,Photo Albums,,,,,,,
Home,Decor,Photo Frames,,,,,,,
Home,Decor,Rugs,,,,,,,
Home,Decor,Tabletop,,,,,,,
Home,Decor,Wall Decals (Stickers),,,,,,,
Home,Decor,Wallpaper,,,,,,,
Home,Decor,Water Globes,,,,,,,
Home,Furniture,-,,,,,,,
Home,Furniture,Beds,,,,,,,
Home,Furniture,Bookcases and Cubbies,,,,,,,
Home,Furniture,Chairs and Sofas,,,,,,,
Home,Furniture,Changing Tables,,,,,,,
Home,Furniture,Dressers,,,,,,,
Home,Furniture,Safety Features,,,,,,,
Home,Furniture,Side Tables,,,,,,,
Home,Furniture,Storage,,,,,,,
Home,Furniture,Tables and Desks,,,,,,,
Home,Furniture,Vanities,,,,,,,
Home,Kitchen,-,,,,,,,
Home,Kitchen,Kid Bowls,,,,,,,
Home,Kitchen,Kid Cups,,,,,,,
Home,Kitchen,Kid Plates,,,,,,,
Home,Kitchen,Kid Utensils,,,,,,,
Home,Kitchen,Placemats,,,,,,,
Home,Kitchen,Sippy Cups,,,,,,,
Home,Kitchen,Straw Cups,,,,,,,
Home,Kitchen,Straws,,,,,,,
Home,Kitchen,Water Bottles,,,,,,,
Home,Organization,-,,,,,,,
Home,Organization,Baskets and Bins,,,,,,,
Home,Organization,Drawers,,,,,,,
Home,Party Goods and Supplies,-,,,,,,,
Home,Party Goods and Supplies,Balloons,,,,,,,
Home,Party Goods and Supplies,Banners and Garlands,,,,,,,
Home,Party Goods and Supplies,Cake Toppers and Candles,,,,,,,
Home,Party Goods and Supplies,Disposable Dinnerware,,,,,,,
Home,Party Goods and Supplies,Party Favors,,,,,,,
Home,Party Goods and Supplies,Party Hats and Masks,,,,,,,
Home,Party Goods and Supplies,Pinatas,,,,,,,
Home,Safety,-,,,,,,,
Home,Safety,Bathroom Safety,,,,,,,
Home,Safety,Bed Rails,,,,,,,
Home,Safety,Edge & Corner Guards,,,,,,,
Home,Safety,Electrical Safety,,,,,,,
Home,Safety,Gates,,,,,,,
Home,Safety,Guards & Locks,,,,,,,
Home,Safety,Kitchen Safety,,,,,,,
Home,Z_Other,-,,,,,,,
Jewelry,-,-,,,,,,,
Jewelry,Bracelets,-,,,,,,,
Jewelry,Earrings,-,,,,,,,
Jewelry,Necklaces,-,,,,,,,
Jewelry,Rings,-,,,,,,,
Jewelry,Watches,-,,,,,,,
Jewelry,Watches,Analog Watches,,,Traditional Watches,,,,
Jewelry,Watches,Digital Watches,,,,,,,
Jewelry,Watches,Smartwatches,,,,,,,
Jewelry,Z_Other,-,,,,,,,
Office Supplies,-,-,,,,,,,
Office Supplies,Announcements & Invitations,-,,,,,,,
Office Supplies,Certificates & Awards,-,,,,,,,
Office Supplies,Classroom Exchange Cards,-,,,,,,,
Office Supplies,Desk Organization,-,,,,,,,
Office Supplies,Desk Organization,File Cabinets & Drawers,,,,,,,
Office Supplies,Desk Organization,Laptop Stands,,,,,,,
Office Supplies,Gift Wrap & Bags,-,,,,,,,
Office Supplies,Greeting Cards,-,,,,,,,
Office Supplies,Mailing & Shipping,-,,,,,,,
Office Supplies,Mailing & Shipping,Bubble Wrap,,,,,,,
Office Supplies,Mailing & Shipping,Envelopes,,,,,,,
Office Supplies,Mailing & Shipping,Labels,,,,,,,
Office Supplies,Mailing & Shipping,Packing Tape,,,,,,,
Office Supplies,Mailing & Shipping,Postage Stamps,,,,,,,
Office Supplies,Memo Boards,-,,,,,,,
Office Supplies,Memo Boards,Bulletin Boards,,,,,,,
Office Supplies,Memo Boards,Chalk Boards,,,,,,,
Office Supplies,Memo Boards,Dry Erase Boards,,,,,,,
Office Supplies,Memo Boards,Magnet Boards,,,,,,,
Office Supplies,Misc Office Supplies,-,,,,,,,
Office Supplies,Misc Office Supplies,Binders,,,,,,,
Office Supplies,Misc Office Supplies,File Folders,,,,,,,
Office Supplies,Misc Office Supplies,Paper Clips,,,,,,,
Office Supplies,Misc Office Supplies,Pencil Sharpeners,,,,,,,
Office Supplies,Misc Office Supplies,Post-It Notes,,,,,,,
Office Supplies,Misc Office Supplies,Staplers,,,,,,,
Office Supplies,Z_Other,-,,,,,,,
Outerwear,-,-,,,,,,,
Outerwear,Bunting,-,,,Baby Snowsuit,,,,
Outerwear,Coats & Jackets,-,,,,,,,
Outerwear,Coats & Jackets,Anorak Jackets,,,,,,,
Outerwear,Coats & Jackets,Bomber Jackets,,,,,,,
Outerwear,Coats & Jackets,Denim Jackets,,,,,,,
Outerwear,Coats & Jackets,Fleece & Sherpa Jackets,,,,,,,
Outerwear,Coats & Jackets,Fur & Faux Fur Jackets,,,,,,,
Outerwear,Coats & Jackets,Leather Jackets,,,,,,,
Outerwear,Coats & Jackets,Parkas,,,,,,,
Outerwear,Coats & Jackets,Puffers & Down Jackets,,,,,,,
Outerwear,Coats & Jackets,Quilted Coats,,,,,,,
Outerwear,Coats & Jackets,Ski Coat,,,,,,,
Outerwear,Coats & Jackets,Vests,,,,,,,
Outerwear,Coats & Jackets,Windbreakers,,,,,,,
Outerwear,Coats & Jackets,Wool Coat,,,,,,,
Outerwear,Gloves & Mittens,-,,,,,,,
Outerwear,Gloves & Mittens,Gloves,,,,,,,
Outerwear,Gloves & Mittens,"Hat, Glove, Scarf Sets",,,,,,,
Outerwear,Gloves & Mittens,Mittens,,,,,,,
Outerwear,Hats,-,,,,,,,
Outerwear,Hats,Beanies,,,,,,,
Outerwear,Hats,Boat Hats,,,,,,,
Outerwear,Hats,Bonnets,,,,,,,
Outerwear,Hats,Bucket Hats,,,,,,,
Outerwear,Hats,Caps,,,"Baseball hats, trucker hats",,,,
Outerwear,Hats,Earmuffs,,,,,,,
Outerwear,Hats,Straw Hats,,,,,,,
Outerwear,Hats,Sun Hats,,,,,,,
Outerwear,Hats,Visors,,,,,,,
Outerwear,Hats,Winter Hats,,,,,,,
Outerwear,Rain Pants,-,,,Waterproof Pants,,,,
Outerwear,Raincoats,-,,,,,,,
Outerwear,Snow Pants,-,,,Ski Pants,,,,
Outerwear,Snowsuits and Bibs,-,,,,,,,
Outerwear,Swim Parkas,-,,,,,,,
Outerwear,Winter Scarves,-,,,,,,,
Outerwear,Z_Other,-,,,,,,,
Shoes,-,-,,,,,,,
Shoes,Accessories,-,,,,,,,
Shoes,Accessories,Insoles,,,,,,,
Shoes,Accessories,Laces,,,,,,,
Shoes,Boat Shoes,-,,,,,,,
Shoes,Boots,-,,,,,,,
Shoes,Boots,Ankle Boots,,,,,,,
Shoes,Boots,Chelsea Boots,,,,,,,
Shoes,Boots,Chukka Boots ,,,,,,,
Shoes,Boots,Combat Boots,,,,,,,
Shoes,Boots,Cowboy Boots,,,,,,,
Shoes,Boots,Hiking Boots,,,,,,,
Shoes,Boots,Lace Up Boots,,,,,,,
Shoes,Boots,Rain Boots,,,,,,,
Shoes,Boots,Snow Boots,,,Winter Boots,,,,
Shoes,Boots,Soft Boots,,,,,,,
Shoes,Boots,Tall Boots,,,,,,,
Shoes,Clogs,-,,,,,,,
Shoes,Crib Shoes,-,,,,,,,
Shoes,Flats,-,,,,,,,
Shoes,Flats,Ballet Flats,,,,,,,
Shoes,Flats,Jellies,,,,,,,
Shoes,Flats,Mary Janes,,,,,,,
Shoes,Flats,T-Strap,,,,,,,
Shoes,Heels,-,,,,,,,
Shoes,Loafers,-,,,,,,,
Shoes,Oxfords,-,,,,,,,
Shoes,Sandals and Open-toed,-,,,,,,,
Shoes,Sandals and Open-toed,Flip Flops,,,,,,,
Shoes,Sandals and Open-toed,Heeled Sandals,,,,,,,
Shoes,Sandals and Open-toed,Sandals,,,,,,,
Shoes,Slippers,-,,,,,,,
Shoes,Sneakers and Athletic,-,,,cleats,,,,
Shoes,Sneakers and Athletic,Baseball,,,,,,,
Shoes,Sneakers and Athletic,Basketball,,,,,,,
Shoes,Sneakers and Athletic,Bowling,,,,,,,
Shoes,Sneakers and Athletic,Dance,,,,,,,
Shoes,Sneakers and Athletic,Equestrian,,,,,,,
Shoes,Sneakers and Athletic,Fitness & Cross-Training,,,,,,,
Shoes,Sneakers and Athletic,Football,,,,,,,
Shoes,Sneakers and Athletic,Lifestyle Sneakers,,,"Everyday Sneakers, Fashion Sneakers",,,,
Shoes,Sneakers and Athletic,Running,,,,,,,
Shoes,Sneakers and Athletic,Soccer,,,,,,,
Shoes,Sneakers and Athletic,Water Shoes,,,,,,,
Shoes,Z_Other,-,,,,,,,
Sports & Recreation,-,-,,,,,,,
Sports & Recreation,Baseball & Softball Gear,-,,,,,,,
Sports & Recreation,Baseball & Softball Gear,Baseball & Softball Storage Bags,,,,,,,
Sports & Recreation,Baseball & Softball Gear,Baseballs,,,,,,,
Sports & Recreation,Baseball & Softball Gear,Bases & Base Accessories,,,,,,,
Sports & Recreation,Baseball & Softball Gear,Bats,,,,,,,
Sports & Recreation,Baseball & Softball Gear,Batting Helmets,,,"Baseball helmet, softball helmet",,,,
Sports & Recreation,Baseball & Softball Gear,Batting Training Aids,,,,,,,
Sports & Recreation,Baseball & Softball Gear,Catcher's Gear,,,,,,,
Sports & Recreation,Baseball & Softball Gear,Gloves & Mitts,,,,,,,
Sports & Recreation,Baseball & Softball Gear,Softballs,,,,,,,
Sports & Recreation,Baseball & Softball Gear,T-Ball Gloves,,,,,,,
Sports & Recreation,Basketball Gear,-,,,,,,,
Sports & Recreation,Basketball Gear,Basketball Hoops,,,,,,,
Sports & Recreation,Basketball Gear,Basketballs,,,,,,,
Sports & Recreation,Biking,-,,,,,,,
Sports & Recreation,Biking,Balance Bikes,,,,,,,
Sports & Recreation,Biking,Bike Helmets,,,,,,,
Sports & Recreation,Biking,Bike Pads,,,,,,,
Sports & Recreation,Biking,Electric Bikes,,,,,,,
Sports & Recreation,Biking,Pedal Bikes,,,,,,,
Sports & Recreation,Biking,Stroller Bikes,,,,,,,
Sports & Recreation,Biking,Training Wheel Bikes,,,,,,,
Sports & Recreation,Biking,Tricycles,,,,,,,
Sports & Recreation,Coaching Materials,-,,,,,,,
Sports & Recreation,Coaching Materials,Playbooks,,,,,,,
Sports & Recreation,Coaching Materials,Whistles,,,,,,,
Sports & Recreation,Figure Skating Gear,-,,,,,,,
Sports & Recreation,Figure Skating Gear,Figure Skates,,,,,,,
Sports & Recreation,Football Gear,-,,,,,,,
Sports & Recreation,Football Gear,Flag Football Starter Kits,,,,,,,
Sports & Recreation,Football Gear,Football Protective Gear,,,,,,,
Sports & Recreation,Football Gear,Football Training Equipment,,,,,,,
Sports & Recreation,Football Gear,Footballs,,,,,,,
Sports & Recreation,Golf Gear,-,,,,,,,
Sports & Recreation,Golf Gear,Golf Bags,,,,,,,
Sports & Recreation,Golf Gear,Golf Balls,,,,,,,
Sports & Recreation,Golf Gear,Golf Carts,,,,,,,
Sports & Recreation,Golf Gear,Golf Clubs,,,,,,,
Sports & Recreation,Golf Gear,Golf Covers,,,,,,,
Sports & Recreation,Golf Gear,Golf Drivers,,,,,,,
Sports & Recreation,Golf Gear,Golf Gloves,,,,,,,
Sports & Recreation,Golf Gear,Golf Putters,,,,,,,
Sports & Recreation,Golf Gear,Golf Tees,,,,,,,
Sports & Recreation,Golf Gear,Golf Training Equipment,,,,,,,
Sports & Recreation,Golf Gear,Golf Wedges,,,,,,,
Sports & Recreation,Gymnastics,-,,,,,,,
Sports & Recreation,Gymnastics,Balance Beams,,,,,,,
Sports & Recreation,Gymnastics,Balance Boards,,,,,,,
Sports & Recreation,Helmets & Protective Gear,-,,,,,,,
Sports & Recreation,Helmets & Protective Gear,Helmet Accessories,,,,,,,
Sports & Recreation,Helmets & Protective Gear,Knee & Elbow Pads,,,,,,,
Sports & Recreation,Helmets & Protective Gear,Leg Guards,,,,,,,
Sports & Recreation,Helmets & Protective Gear,Mouth Guards,,,,,,,
Sports & Recreation,Helmets & Protective Gear,Multi-Sport Helmets,,,,,,,
Sports & Recreation,Helmets & Protective Gear,Protective Cups,,,,,,,
Sports & Recreation,Helmets & Protective Gear,Reflective Gear,,,,,,,
Sports & Recreation,Hockey Gear,-,,,,,,,
Sports & Recreation,Hockey Gear,Hockey Protective Gear,,,,,,,
Sports & Recreation,Hockey Gear,Hockey Pucks,,,,,,,
Sports & Recreation,Hockey Gear,Hockey Skates,,,,,,,
Sports & Recreation,Hockey Gear,Hockey Sticks,,,,,,,
Sports & Recreation,Inline and roller skating Gear,-,,,,,,,
Sports & Recreation,Inline and roller skating Gear,Inline Skates,,,Roller blades,,,,
Sports & Recreation,Inline and roller skating Gear,Roller Skates,,,,,,,
Sports & Recreation,Lacrosse Gear,-,,,,,,,
Sports & Recreation,Lacrosse Gear,Lacrosse Balls,,,,,,,
Sports & Recreation,Lacrosse Gear,Lacrosse Sticks,,,,,,,
Sports & Recreation,Lacrosse Gear,Lacrosse Training Equipment,,,,,,,
Sports & Recreation,Pickleball Gear,-,,,,,,,
Sports & Recreation,Pickleball Gear,Pickleball Bags,,,,,,,
Sports & Recreation,Pickleball Gear,Pickleball Balls,,,,,,,
Sports & Recreation,Pickleball Gear,Pickleball Paddles,,,,,,,
Sports & Recreation,Pickleball Gear,Pickleball Sets,,,,,,,
Sports & Recreation,Scooters,-,,,,,,,
Sports & Recreation,Scooters,Electric Scooters,,,,,,,
Sports & Recreation,Scooters,Kick Scooters,,,,,,,
Sports & Recreation,Scooters,Scooter Accessories,,,,,,,
Sports & Recreation,Skateboards,-,,,,,,,
Sports & Recreation,Skateboards,Longboard Skateboards,,,,,,,
Sports & Recreation,Skateboards,Standard Skateboards,,,,,,,
Sports & Recreation,Ski & Snowboard Gear,-,,,,,,,
Sports & Recreation,Ski & Snowboard Gear,Ski Boots,,,,,,,
Sports & Recreation,Ski & Snowboard Gear,Snowboards,,,,,,,
Sports & Recreation,Snow Skiing Gear,-,,,,,,,
Sports & Recreation,Snow Skiing Gear,Ski & Snowboard Goggles,,,,,,,
Sports & Recreation,Snow Skiing Gear,Ski & Snowboard Helmets,,,,,,,
Sports & Recreation,Snow Skiing Gear,Ski Poles,,,,,,,
Sports & Recreation,Snow Skiing Gear,Skis,,,,,,,
Sports & Recreation,Soccer Gear,-,,,,,,,
Sports & Recreation,Soccer Gear,Field & Training Equipment,,,,,,,
Sports & Recreation,Soccer Gear,"Goals, Nets, & Rebounders",,,,,,,
Sports & Recreation,Soccer Gear,Shin Guards & Pads,,,,,,,
Sports & Recreation,Soccer Gear,Soccer Balls,,,,,,,
Sports & Recreation,Sports Equipment,-,,,,,,,
Sports & Recreation,Sports Equipment,Field Equipment,,,,,,,
Sports & Recreation,Sports Equipment,Grip Tapes & Waxes,,,,,,,
Sports & Recreation,Sports Equipment,Sports Glove Accessories,,,,,,,
Sports & Recreation,Sports Equipment,Sports Nets & Rebounders,,,,,,,
Sports & Recreation,Sports Equipment,Sports Trainers,,,,,,,
Sports & Recreation,Sports Equipment,Team Sports Starter Kits,,,,,,,
Sports & Recreation,Swim Gear,-,,,,,,,
Sports & Recreation,Swim Gear,Beach Towels,,,,,,,
Sports & Recreation,Swim Gear,Fins,,,,,,,
Sports & Recreation,Swim Gear,Floaties,,,,,,,
Sports & Recreation,Swim Gear,Goggles,,,,,,,
Sports & Recreation,Swim Gear,Life Jackets,,,,,,,
Sports & Recreation,Swim Gear,Snorkels,,,,,,,
Sports & Recreation,Swim Gear,Swim Caps,,,,,,,
Sports & Recreation,Tennis Gear,-,,,,,,,
Sports & Recreation,Tennis Gear,Tennis Balls,,,,,,,
Sports & Recreation,Tennis Gear,Tennis Rackets,,,,,,,
Sports & Recreation,Volleyball Gear,-,,,,,,,
Sports & Recreation,Volleyball Gear,Volley Balls,,,,,,,
Sports & Recreation,Volleyball Gear,Volleyball Nets,,,,,,,
Sports & Recreation,Volleyball Gear,Volleyball Sets,,,,,,,
Sports & Recreation,Wrestling Gear,-,,,,,,,
Sports & Recreation,Wrestling Gear,Headgear,,,,,,,
Sports & Recreation,Z_Other,-,,,,,,,
Toys,-,-,,,,,,,
Toys,Baby & Toddler Toys,-,,,,,,,
Toys,Baby & Toddler Toys,Baby Activity Centers,,,Sit-in Activity Center,,,,
Toys,Baby & Toddler Toys,Baby Activity Cubes,,,,,,,
Toys,Baby & Toddler Toys,Baby Blocks,,,,,,,
Toys,Baby & Toddler Toys,Baby Gyms & Playmats,,,,,,,
Toys,Baby & Toddler Toys,Baby Learning Toys,,,,,,,
Toys,Baby & Toddler Toys,Car Seat & Stroller Toys,,,,,,,
Toys,Baby & Toddler Toys,Crib Toys,,,,,,,
Toys,Baby & Toddler Toys,Hammering & Pounding Toys,,,,,,,
Toys,Baby & Toddler Toys,Lovies,,,Security Blanket,,,,
Toys,Baby & Toddler Toys,Mirror Toys,,,,,,,
Toys,Baby & Toddler Toys,Push & Pull Toys,,,"Push Walker, Baby Walker, Sit to Stand Walker",,,,
Toys,Baby & Toddler Toys,Rattles,,,,,,,
Toys,Backyard & Playground Toys,-,,,,,,,
Toys,Backyard & Playground Toys,Ball Bags,,,,,,,
Toys,Backyard & Playground Toys,Bubble Toys,,,,,,,
Toys,Backyard & Playground Toys,Chalk,,,,,,,
Toys,Backyard & Playground Toys,Hand Balls,,,,,,,
Toys,Backyard & Playground Toys,Jump Ropes,,,,,,,
Toys,Backyard & Playground Toys,Kites & Wind Spinners,,,,,,,
Toys,Backyard & Playground Toys,Launcher Toys,,,,,,,
Toys,Backyard & Playground Toys,Playground Balls & Sets,,,,,,,
Toys,Backyard & Playground Toys,Toy Hoops,,,,,,,
Toys,Backyard & Playground Toys,Yo-yos,,,,,,,
Toys,Blasters & Battle Play,-,,,,,,,
Toys,Blasters & Battle Play,Dart Blasters,,,,,,,
Toys,Blasters & Battle Play,Gel Blasters,,,,,,,
Toys,Blasters & Battle Play,Laser Tag,,,,,,,
Toys,Blasters & Battle Play,Toy Blaster Accessories,,,,,,,
Toys,Blasters & Battle Play,Toy Blasters,,,Toy Guns,,,,
Toys,Blasters & Battle Play,Toy Bow & Arrow Sets,,,,,,,
Toys,Blasters & Battle Play,Toy Swords,,,,,,,
Toys,Blasters & Battle Play,Water Blasters,,,Water Guns,,,,
Toys,Board & Party Games,-,,,,,,,
Toys,Board & Party Games,Bingo Sets,,,,,,,
Toys,Board & Party Games,Board Games,,,,,,,
Toys,Board & Party Games,Card Games,,,,,,,
Toys,Board & Party Games,Collectible Trading Cards,,,,,,,
Toys,Board & Party Games,Dice Games,,,,,,,
Toys,Board & Party Games,Electronic Games,,,,,,,
Toys,Board & Party Games,Escape Room Games,,,,,,,
Toys,Board & Party Games,Floor Games,,,,,,,
Toys,Board & Party Games,Game Accessories,,,,,,,
Toys,Board & Party Games,Game Accessory Storage,,,,,,,
Toys,Board & Party Games,Game Mats,,,,,,,
Toys,Board & Party Games,Game Miniatures,,,,,,,
Toys,Board & Party Games,Game Pieces,,,,,,,
Toys,Board & Party Games,Game Timers,,,,,,,
Toys,Board & Party Games,Gaming Dice,,,,,,,
Toys,Board & Party Games,Matching & Memory Games,,,,,,,
Toys,Board & Party Games,Playing Cards,,,,,,,
Toys,Board & Party Games,Poker Chips & Sets,,,,,,,
Toys,Board & Party Games,Tabletop Arcade Games,,,,,,,
Toys,Board & Party Games,Tabletop Sports Games,,,,,,,
Toys,Board & Party Games,Tile Games,,,,,,,
Toys,Building Toys,-,,,,,,,
Toys,Building Toys,Ball Runs,,,Marble runs,,,,
Toys,Building Toys,Building Set Accessories,,,,,,,
Toys,Building Toys,Building Sets & Blocks,,,"Legos, Duplos, PlusPlus",,,,
Toys,Building Toys,Magnetic Building Sets,,,Magnatiles,,,,
Toys,Building Toys,Stacking & Sorting Toys,,,,,,,
Toys,Costume Accessories,-,,,,,,,
Toys,Costume Accessories,Capes,,,,,,,
Toys,Costume Accessories,Costume Apparel,,,,,,,
Toys,Costume Accessories,Costume Hair Accessories,,,,,,,
Toys,Costume Accessories,Costume Hats,,,,,,,
Toys,Costume Accessories,Costume Shoes,,,,,,,
Toys,Costume Accessories,Crowns & Tiaras,,,,,,,
Toys,Costume Accessories,Masks,,,,,,,
Toys,Costume Accessories,Play Jewelry,,,"Play Jewelry, Rings, necklaces, bracelets",,,,
Toys,Costume Accessories,Play Make-up,,,,,,,
Toys,Costume Accessories,Play Purses & Handbags,,,,,,,
Toys,Costume Accessories,Wands,,,,,,,
Toys,Costume Accessories,Wigs & Costume Hair,,,,,,,
Toys,Costume Accessories,Wings,,,,,,,
Toys,Costumes,-,,,,,,,
Toys,Doll Accessories,-,,,,,,,
Toys,Doll Accessories,Doll Carriers,,,,,,,
Toys,Doll Accessories,Doll Clothing,,,,,,,
Toys,Doll Accessories,Doll Furniture,,,,,,,
Toys,Doll Accessories,Doll Shoes,,,,,,,
Toys,Doll Accessories,Doll Stands,,,,,,,
Toys,Doll Accessories,Doll Strollers,,,,,,,
Toys,Doll Accessories,Doll Vehicles,,,,,,,
Toys,Dollhouse Accessories,-,,,,,,,
Toys,Dollhouse Accessories,Dollhouse Decor,,,,,,,
Toys,Dollhouse Accessories,Dollhouse Furniture,,,,,,,
Toys,Dollhouses,-,,,,,,,
Toys,Dolls,-,,,,,,,
Toys,Dolls,Baby Dolls,,,,,,,
Toys,Dolls,Doll Playsets,,,,,,,
Toys,Dolls,Fashion Dolls,,,,,,,
Toys,Dolls,Nesting Dolls,,,,,,,
Toys,Dolls,Paper & Magnetic Dolls,,,,,,,
Toys,Dolls,Porcelain Dolls,,,,,,,
Toys,Dolls,Rag Dolls,,,,,,,
Toys,Dolls,Stuffed & Plush Dolls,,,Cloth Dolls,,,,
Toys,Dolls,Styling Heads,,,,,,,
Toys,Dolls,Wooden Dolls,,,,,,,
Toys,Electronic Toys,-,,,,,,,
Toys,Electronic Toys,Dance Mats,,,,,,,
Toys,Electronic Toys,Digital Pets,,,,,,,
Toys,Electronic Toys,Drones,,,,,,,
Toys,Electronic Toys,Electronic Learning Toys,,,,,,,
Toys,Electronic Toys,Learning System Accessories,,,,,,,
Toys,Electronic Toys,Learning System Hardware,,,,,,,
Toys,Electronic Toys,Learning System Software,,,,,,,
Toys,Electronic Toys,Robots,,,,,,,
Toys,Electronic Toys,Toy Spy Gear,,,,,,,
Toys,Fidget Toys,-,,,,,,,
Toys,Fidget Toys,Begleri Toys,,,,,,,
Toys,Fidget Toys,Fidget Cubes,,,,,,,
Toys,Fidget Toys,Fidget Rings,,,,,,,
Toys,Fidget Toys,Fidget Spinners,,,,,,,
Toys,Fidget Toys,Stress Balls,,,,,,,
Toys,Inflatable Toys & Ball Pits,-,,,,,,,
Toys,Inflatable Toys & Ball Pits,Ball Pit Balls,,,,,,,
Toys,Inflatable Toys & Ball Pits,Ball Pits,,,,,,,
Toys,Inflatable Toys & Ball Pits,Bounce Houses,,,,,,,
Toys,Inflatable Toys & Ball Pits,Inflatable Water Parks,,,,,,,
Toys,Inflatable Toys & Ball Pits,Inflatable Water Slides,,,,,,,
Toys,Lawn Games,-,,,,,,,
Toys,Lawn Games,Badminton Sets,,,,,,,
Toys,Lawn Games,Bean Bag Toss,,,,,,,
Toys,Lawn Games,Bean Bags,,,,,,,
Toys,Lawn Games,Bocce Ball Sets,,,,,,,
Toys,Lawn Games,Catch Games,,,,,,,
Toys,Lawn Games,Flying Discs,,,,,,,
Toys,Lawn Games,Giant Games,,,,,,,
Toys,Lawn Games,Lawn Bowling Sets,,,,,,,
Toys,Lawn Games,Ring Toss,,,,,,,
Toys,Lawn Games,Target Toss,,,,,,,
Toys,Lawn Games,Toss Game Sets,,,,,,,
Toys,Learning Toys,-,,,,,,,
Toys,Learning Toys,Doodle Mats & Boards,,,,,,,
Toys,Learning Toys,Globes,,,,,,,
Toys,Learning Toys,Magnetic Activity Sets,,,,,,,
Toys,Learning Toys,Math & Counting Kits,,,,,,,
Toys,Learning Toys,Reading & Writing Kits,,,,,,,
Toys,Learning Toys,Teaching Charts & Props,,,"Daily Calendars, responsibility charts, ",,,,
Toys,Miniatures & Action Figures,-,,,,,,,
Toys,Miniatures & Action Figures,Action Figure Accessories,,,,,,,
Toys,Miniatures & Action Figures,Action Figure Playsets,,,,,,,
Toys,Miniatures & Action Figures,Action Figures,,,,,,,
Toys,Miniatures & Action Figures,Animal Figures,,,,,,,
Toys,Miniatures & Action Figures,Bobbleheads,,,,,,,
Toys,Miniatures & Action Figures,Figurines & Miniature Figures,,,,,,,
Toys,Miniatures & Action Figures,Licensed Collector's Boxes,,,,,,,
Toys,Musical Toys,-,,,,,,,
Toys,Musical Toys,Baby Musical Toys,,,,,,,
Toys,Musical Toys,Toy Drums & Percussion,,,,,,,
Toys,Musical Toys,Toy Guitars & String Instruments,,,,,,,
Toys,Musical Toys,Toy Instrument Sets,,,,,,,
Toys,Musical Toys,Toy Microphones & Karaoke,,,,,,,
Toys,Musical Toys,Toy Music & Story Players,,,"Tonie Box, Tonies, Talking Storybooks",,,,
Toys,Musical Toys,Toy Pianos & Keyboards,,,,,,,
Toys,Novelty Toys,-,,,,,,,
Toys,Novelty Toys,Juggling Sets,,,,,,,
Toys,Novelty Toys,Prisms & Kaleidoscopes,,,,,,,
Toys,Novelty Toys,Spinning Tops,,,,,,,
Toys,Novelty Toys,Spring & Wind-Up Toys,,,,,,,
Toys,Novelty Toys,Squeeze Toys,,,,,,,
Toys,Novelty Toys,Viewfinder Toys,,,,,,,
Toys,Playsets & Equipment,-,,,,,,,
Toys,Playsets & Equipment,Climbers,,,,,,,
Toys,Playsets & Equipment,Freestanding Slides,,,,,,,
Toys,Playsets & Equipment,Lemonade Stands,,,,,,,
Toys,Playsets & Equipment,Playground Slides,,,,,,,
Toys,Playsets & Equipment,Playground Swings,,,,,,,
Toys,Playsets & Equipment,Playhouses,,,,,,,
Toys,Playsets & Equipment,Playset Accessories,,,,,,,
Toys,Playsets & Equipment,Playset Games,,,,,,,
Toys,Playsets & Equipment,Playset Hardware,,,,,,,
Toys,Playsets & Equipment,Playsets & Swingsets,,,,,,,
Toys,Playsets & Equipment,Soft Play Equipment,,,,,,,
Toys,Playsets & Equipment,Teeter Totters,,,,,,,
Toys,Playsets & Equipment,Trampoline Accessories,,,,,,,
Toys,Playsets & Equipment,Trampolines,,,,,,,
Toys,Plush Toys,-,,,,,,,
Toys,Plush Toys,Character & Novelty Plush Toys,,,,,,,
Toys,Plush Toys,Giant Stuffed Animals,,,,,,,
Toys,Plush Toys,Interactive Pets,,,,,,,
Toys,Plush Toys,Stuffed Animals,,,,,,,
Toys,Pretend Play,-,,,,,,,
Toys,Pretend Play,Housekeeping Toys,,,Play Cleaning Products,,,,
Toys,Pretend Play,Magic Sets,,,,,,,
Toys,Pretend Play,Play Food,,,,,,,
Toys,Pretend Play,Play Kitchens,,,,,,,
Toys,Pretend Play,Play Medical Toys,,,,,,,
Toys,Pretend Play,Play Money,,,,,,,
Toys,Pretend Play,Play Phones,,,,,,,
Toys,Pretend Play,Play Tents & Tunnels,,,,,,,
Toys,Pretend Play,Play Tools & Workbenches,,,,,,,
Toys,Pretend Play,Prop Replicas,,,,,,,
Toys,Pretend Play,Puppets,,,,,,,
Toys,Pretend Play,Stick Horses,,,,,,,
Toys,Pretend Play,Toy Appliances,,,,,,,
Toys,Pretend Play,Toy Baking Sets,,,,,,,
Toys,Pretend Play,Toy Beauty Playsets,,,,,,,
Toys,Pretend Play,Toy Cash Registers,,,,,,,
Toys,Pretend Play,Toy Dishes,,,,,,,
Toys,Pretend Play,Toy Furniture,,,,,,,
Toys,Pretend Play,Toy Gardening Sets,,,,,,,
Toys,Pretend Play,Toy Jewelry Boxes,,,,,,,
Toys,Pretend Play,Toy Pots & Pans,,,,,,,
Toys,Pretend Play,Toy Shopping Carts & Baskets,,,,,,,
Toys,Pretend Play,Toy Tea Sets,,,,,,,
Toys,Pretend Play,Toy Vanities,,,,,,,
Toys,Puzzles,-,,,,,,,
Toys,Puzzles,3D Puzzles,,,,,,,
Toys,Puzzles,Brainteasers,,,,,,,
Toys,Puzzles,Floor Puzzles,,,,,,,
Toys,Puzzles,Jigsaw Puzzles,,,,,,,
Toys,Puzzles,Peg Puzzles,,,,,,,
Toys,Puzzles,Puzzle Accessories,,,,,,,
Toys,Puzzles,Puzzle Sets,,,,,,,
Toys,Ride-ons,-,,,,,,,
Toys,Ride-ons,Go-Karts,,,,,,,
Toys,Ride-ons,Pedal & Push Riding,,,,,,,
Toys,Ride-ons,Pogo Sticks & Stilts,,,,,,,
Toys,Ride-ons,Powered Riding Toys,,,,,,,
Toys,Ride-ons,Rocking Horses,,,,,,,
Toys,Ride-ons,Toy Wagons,,,,,,,
Toys,Sand & Water Play,-,,,,,,,
Toys,Sand & Water Play,Bath Toys,,,,,,,
Toys,Sand & Water Play,Dive Toys,,,,,,,
Toys,Sand & Water Play,Drink Floats,,,,,,,
Toys,Sand & Water Play,Floating Coolers,,,,,,,
Toys,Sand & Water Play,Floating Pool Games,,,,,,,
Toys,Sand & Water Play,Inner Tubes,,,,,,,
Toys,Sand & Water Play,Lawn Water Slides,,,,,,,
Toys,Sand & Water Play,Novelty Floats,,,,,,,
Toys,Sand & Water Play,Play Sprinklers,,,,,,,
Toys,Sand & Water Play,Pool Basketball & Volleyball Sets,,,,,,,
Toys,Sand & Water Play,Pool Loungers,,,,,,,
Toys,Sand & Water Play,Pool Noodles,,,,,,,
Toys,Sand & Water Play,Pool Slides,,,,,,,
Toys,Sand & Water Play,Pools,,,,,,,
Toys,Sand & Water Play,Rafts & Floating Islands,,,,,,,
Toys,Sand & Water Play,Sand & Water Tables,,,,,,,
Toys,Sand & Water Play,Sandboxes,,,,,,,
Toys,Sand & Water Play,Splash Toys,,,,,,,
Toys,Sand & Water Play,Water Balloon Toys,,,,,,,
Toys,Sand & Water Play,Water Balls,,,,,,,
Toys,Science & Exploration Toys,-,,,,,,,
Toys,Science & Exploration Toys,Lab Supplies,,,,,,,
Toys,Science & Exploration Toys,Microscopes,,,,,,,
Toys,Science & Exploration Toys,Nature Exploration Toys,,,,,,,
Toys,Science & Exploration Toys,Rockets,,,,,,,
Toys,Science & Exploration Toys,Science Kits,,,,,,,
Toys,Science & Exploration Toys,Telescopes,,,,,,,
Toys,Snow Toys,-,,,,,,,
Toys,Snow Toys,Sleds,,,,,,,
Toys,Snow Toys,Snow Tubes,,,,,,,
Toys,Sports Toys,-,,,,,,,
Toys,Sports Toys,Toy Sports Sets,,,,,,,
Toys,Tactile Play,-,,,,,,,
Toys,Tactile Play,Play Dough,,,Play-doh,,,,
Toys,Tactile Play,Play Foam,,,,,,,
Toys,Tactile Play,Play Sand,,,,,,,
Toys,Tactile Play,Slime,,,,,,,
Toys,Toy Vehicles,-,,,,,,,
Toys,Toy Vehicles,Remote Control Vehicles,,,,,,,
Toys,Toy Vehicles,Toy Vehicle Accessories,,,,,,,
Toys,Toy Vehicles,Toy Vehicle Playsets,,,,,,,
Toys,Toy Vehicles,Toy Vehicle Tracks,,,,,,,
Toys,Toy Vehicles,Toy Vehicles,,,,,,,
Toys,Toy Vehicles,Train Tables,,,,,,,
Toys,Z_Other,-,,,,,,,
Video Games,-,-,,,,,,,
Video Games,Consoles,-,,,,,,,
Video Games,Controllers & Accessories,-,,,,,,,
Video Games,Controllers & Accessories,Accessory Sets,,,,,,,
Video Games,Controllers & Accessories,Console Cables,,,,,,,
Video Games,Controllers & Accessories,Console Cases,,,,,,,
Video Games,Controllers & Accessories,Console Covers,,,,,,,
Video Games,Controllers & Accessories,Console Mounts,,,,,,,
Video Games,Controllers & Accessories,Console Remotes,,,,,,,
Video Games,Controllers & Accessories,Console Stands,,,,,,,
Video Games,Controllers & Accessories,Controller Grips,,,,,,,
Video Games,Controllers & Accessories,Controller Stands,,,,,,,
Video Games,Controllers & Accessories,Controller Straps,,,,,,,
Video Games,Controllers & Accessories,Gaming Headsets,,,,,,,
Video Games,Controllers & Accessories,Gaming Shifters,,,,,,,
Video Games,Controllers & Accessories,Joysticks,,,,,,,
Video Games,Controllers & Accessories,Mobile Game Controllers,,,,,,,
Video Games,Controllers & Accessories,Replacement Parts,,,,,,,
Video Games,Controllers & Accessories,Sensors,,,,,,,
Video Games,Controllers & Accessories,Standard Controllers,,,,,,,
Video Games,Controllers & Accessories,Steering Wheel Controllers,,,,,,,
Video Games,Video Game Add-Ons,-,,,,,,,
Video Games,Video Game Add-Ons,Game Currency,,,,,,,
Video Games,Video Game Add-Ons,Gaming Gift Cards,,,,,,,
Video Games,Video Game Add-Ons,Gaming Subscription Cards,,,,,,,
Video Games,Video Game Add-Ons,Interactive Gaming Figures,,,,,,,
Video Games,Video Games,-,,,,,,,
Video Games,Video Games,Console Games,,,,,,,
Video Games,Video Games,PC Games,,,,,,,
Video Games,Virtual Reality,-,,,,,,,
Video Games,Virtual Reality,Virtual Reality Headsets,,,,,,,
Video Games,Z_Other,-,,,,,,,